{"cameraMode":{"drawMode":0,"name":"Shaded","section":"Shading Mode"},"sceneLighting":true,"audioPlay":false,"sceneViewState":{"m_AlwaysRefresh":false,"showFog":true,"showSkybox":true,"showFlares":true,"showImageEffects":true,"showParticleSystems":true,"showVisualEffectGraphs":true,"m_FxEnabled":true},"in2DMode":false,"pivot":{"x":99.18096160888672,"y":0.6852589845657349,"z":103.48809814453125},"rotation":{"x":-0.14633287489414216,"y":-0.043036092072725299,"z":0.0063746897503733639,"w":-0.9882850050926209},"size":3.6247446537017824,"orthographic":false}