{"cameraMode":{"drawMode":0,"name":"Shaded","section":"Shading Mode"},"sceneLighting":false,"audioPlay":false,"sceneViewState":{"m_AlwaysRefresh":false,"showFog":true,"showSkybox":false,"showFlares":true,"showImageEffects":true,"showParticleSystems":true,"showVisualEffectGraphs":true,"m_FxEnabled":true},"in2DMode":false,"pivot":{"x":101.69000244140625,"y":2.506402015686035,"z":103.21170043945313},"rotation":{"x":-0.12803266942501069,"y":0.30556830763816836,"z":-0.04150063171982765,"w":-0.9426162242889404},"size":12.12435531616211,"orthographic":false}