{"cameraMode":{"drawMode":0,"name":"Shaded","section":"Shading Mode"},"sceneLighting":false,"audioPlay":false,"sceneViewState":{"m_AlwaysRefresh":false,"showFog":true,"showSkybox":false,"showFlares":true,"showImageEffects":true,"showParticleSystems":true,"showVisualEffectGraphs":true,"m_FxEnabled":true},"in2DMode":false,"pivot":{"x":101.67174530029297,"y":1.0648525953292847,"z":104.57714080810547},"rotation":{"x":-0.23797805607318879,"y":-0.1777084618806839,"z":0.04433569684624672,"w":-0.953851044178009},"size":1.3627945184707642,"orthographic":false}