{"cameraMode":{"drawMode":0,"name":"Shaded","section":"Shading Mode"},"sceneLighting":false,"audioPlay":false,"sceneViewState":{"m_AlwaysRefresh":false,"showFog":false,"showSkybox":false,"showFlares":false,"showImageEffects":false,"showParticleSystems":false,"showVisualEffectGraphs":true,"m_FxEnabled":true},"in2DMode":false,"pivot":{"x":0.0006666183471679688,"y":0.8637378811836243,"z":0.03148692846298218},"rotation":{"x":-0.02045334316790104,"y":-0.9682340025901794,"z":0.08444936573505402,"w":-0.23448321223258973},"size":1.195587158203125,"orthographic":false}