{"cameraMode":{"drawMode":0,"name":"Shaded","section":"Shading Mode"},"sceneLighting":true,"audioPlay":false,"sceneViewState":{"showFog":true,"showMaterialUpdate":false,"showSkybox":true,"showFlares":true,"showImageEffects":true,"showParticleSystems":true},"in2DMode":false,"pivot":{"x":0.936316967010498,"y":-1.2910895347595215,"z":-1.2665162086486817},"rotation":{"x":0.2900659739971161,"y":-0.3733674883842468,"z":0.12414467334747315,"w":0.8723804354667664},"size":6.096378803253174,"orthographic":false}