{"cameraMode":{"drawMode":0,"name":"Shaded","section":"Shading Mode"},"sceneLighting":true,"audioPlay":false,"sceneViewState":{"showFog":true,"showMaterialUpdate":false,"showSkybox":true,"showFlares":true,"showImageEffects":true,"showParticleSystems":true},"in2DMode":false,"pivot":{"x":-514.7020263671875,"y":137.37594604492188,"z":2226.9921875},"rotation":{"x":0.049880243837833408,"y":-0.20613642036914826,"z":0.010522011667490006,"w":0.9771979451179504},"size":1612.73974609375,"orthographic":false}